Id,Class
0ME3J8ywzV7G5xdsaKAh,0
0TA2XSWVQcuLhvndFE8x,0
0tCJlGyYZs2DXaAiBzpw,0
0tFxHPJBTjRlgrhIVKNO,0
0uQzwK9RTdtPG8rgVMWO,0
0wID8bgftB5FPm7cCSRi,0
1KQ8ywvYGaI0kA9xp7sZ,0
1NkEXJeZr9cRIQCtvun6,0
1woGZfkdUEuhLRpWzmig,0
2NrxzH0MY5ypRhGvnSqa,0
3cYhbAWsjqe7uLoDO6X0,0
3Vg7EDGTcFQ1WhqKtHJp,0
4aX3UOehbi8WIwjCDNxB,0
4FIoQJBh8NuVme96cGlE,0
4IWhG9bkPxijKAfvVDpS,0
4QLO5aYigklZ3bBNp2ru,0
53XcTMtpqixHJ2U7OCNG,0
5oeU4IPgGYAsrnBEby6x,0
63idhD8lxNawBbY7Q4n5,0
694XOZ52M3vfqxI0SVGC,0
6HZkIEyuTSWr4MjqiOvl,0
6jwVzylFoWapZ7AfIBTs,0
6QtAEIu4gZ7rPbfS5XjU,0
76RZWuxlbpFyEgJCILQm,0
7FIZhJkwfLnl3yMXAOW0,0
7S2CLeksuJNXQt8PO6yv,0
81S3CreKYEsIkwopPDvc,0
8CWD1ketg0QYb4nO3SEZ,0
8dNMCAyJZqDL5bofBj1X,0
90LkuPfhR4NFdEVIlHzb,0
9qRntlFxmNb1IYGes6hH,0
9z03uCQ41qp2mgxIr8VU,0
AB7sUuveHw08SgW9C6TJ,0
ABLU9cFYjZ0JX6hkaQx5,0
ATcXNdyCOVvW14EhtKFZ,0
AVNKdQHvblYFIm7c6UDS,0
brBCu45JltjK8S19X6zo,0
BzTSeHV8sOxR1GXboA0k,0
C0nOEy32KgbI9QAGtZJ4,0
C28OTED7Nld4HzBpUKaR,0
Cd7mRuWHUT3b2qpaAQVX,0
cGANSC3h7i50Ku4OwyUB,0
cqL2kvXYjuo5UJe719mI,0
czYZdoGDqjvB9n2pCWa3,0
D9G2ZWJel4xhQ5A0pvRE,0
DgZQP0tcJkR5u1a96njw,0
DPTqVY19Gxh0w5LO2kZX,0
Dqm9UB85fHinIhxyrdlk,0
DuUornNj7w12SAHpizdK,0
DzoQE38H7P2hb5XBT4k9,0
e1hGvTHXw68jrEDuydCo,0
EBn54UHcMvX0dxYgoLau,0
eiyP7ZElc5YHQaOXhjwV,0
eucZqGaAgx7HisOXFd2J,0
f9jabO07zKT4EItvkQqh,0
ga943Jh6ky21mcBfrqxp,0
GHdO0Ya6W2nuyt7P1MQe,0
giFENxKLofv0qtQGuZVP,0
gim3JIYcw9rDPUaoxXqN,0
GTbn4OhWKgACUm9YVkzi,0
gvnoqhteX2SIQba5EdPu,0
gYryZFqBQDfU8kIJ7hnp,0
hCn4zGT1Yj9O2Kd7vWNL,0
HEfK4iscC0GVmFebaLl6,0
hHEJBDzi9luMRO5L3wQI,0
HmDBjnOEgQ7sTFlycSAI,0
hWHZg6CnMYl0ErG4xv3R,0
Ie5JkruN3URDf7dhK1Ys,0
Ii6XugA8DNeW3wvaUYfP,0
iLr7xEJtUesVbyCF5qz9,0
ILSeTDHVMic3YNGZARBy,0
jaWIyxlkUZwRGv9OuTQM,0
JGTRekOyMgph3cfFjsDE,0
jkhvJAuHLWTDRsfpNzn4,0
jqTBXFimOapDNr6KQ34c,0
JrcsviLBnI0KFm6wQCZ1,0
JvAcHI9mQ4j7OKBo2NzC,0
JzpA24ywUDnsPmB6xqfC,0
k2YGAMmKozVHaurhFRUT,0
K8Lb4vX5TeiHkDasCAut,0
kDhntFygvT7X4Oomudz9,0
kGd26tJl7WfoVxeRwIyS,0
KlJy8wMqriSeR2FPcQVY,0
kNMceh1bdI6B3v7Y5xiD,0
Kt6rudefIHq5WUcC2g4G,0
Ku79l6pgdIHfLYZkjeAU,0
KVIZ0D4BzROe5S9vwPQJ,0
lHSNYzfsQFjV1qEGWiP4,0
LJ8W0vbc5F6HtPREpxkm,0
lNKf4qgnas09IVQBRSWM,0
lTBNKfaibwSpgqIGs2mO,0
LVQCGK791YXNyO4HuxvJ,0
Lx8aTQhfcyJXGEe9VzMl,0
M9yFg2z8G6T3Y0OHlqte,0
mjHAQS2dFEofal48LwTJ,0
MNAKPhZjo84efF9mTkBs,0
mOyHdVLf1APsprqIQ3w7,0
NGskfYi8SoL9B57gPpe2,0
nkdRE0oiSVOxfgwuZzsa,0
nv8f6rgHTw5QMFO7BCz1,0
nxf1H5pYLQKC4bt8rJDT,0
O3ykRCWrAwMz1XcVpK7J,0
oAGhMNPwB43mFx7YeQI1,0
obNeEk5O0MQDgGnVAWHu,0
olAeZCEpdiHsuav31WQ6,0
OodJbl025MvAU4Fp6uX3,0
oqYpGfrvxFQZlNuXEKJH,0
ovGch3zTfL8gq2pwDIXZ,0
pMRgOoeQHWJVvm0IF5TX,0
PpO4kG7J2jRuIs3Z5cry,0
qLoSEd36YntBrPK59IVs,0
QSIA1dBG5JeDFOhp0MCu,0
QT4U6PHehBO75Vns923y,0
qxYsgy4oeak0uIb5HhKv,0
Rbw1xODriV9UFSm3JEdq,0
RCmPgKxV7w3lcn4aJIZ1,0
RL0ujPhpsYCQr2zA7kOt,0
RLqEAWZJz60tibSemkoj,0
rWfBTxzwEDeOdbYupMl5,0
RZowgqhQ3DbjK1Ws8Syn,0
s91BnWuJYyATdhRp5mrX,0
SDczn2uLJM3YwKorgROF,0
SETq5eLxOVXjKU72wivn,0
Sfq70tvVNFpx1nPHrUKD,0
SIX30vjP2GVWRobrNaCf,0
TC52Gjzfv8ViRM9bB7lU,0
TeJUwOoH6IlcCizXdZD7,0
tMnVsTD2Byul3L68gkwZ,0
TxNrGyPDq8otfR2mzIuA,0
u1BR2GNmv5I9d6aKC8iH,0
ulcqKb7NZedsH1REDyih,0
uno6KDsf9jeIWUwdRTik,0
UoOLaPEt6gTqZVJ0zGiF,0
UPTBl4dCJh3ZFWasLQrA,0
uwO6pQ02X5LfW1bMPV4H,0
UZESpAXh2xJvKWMlVQBb,0
v0JkrSXfouZ149GeCxzg,0
v2DZ9SRTAMXGPuyKY1bx,0
vbzMJjgUqYZxKI9i3Ff0,0
VEaiJDypZRUc4fFTwv3s,0
veJkNE0L7yUGKW9XId85,0
vFfVmdg7ACHkMosjX3uL,0
vigkJfLAyd9RoprUwFKx,0
vJc4MFft8sqxmu1E6eTW,0
VlZEySO8Rjvgi60uDCh2,0
vpUjQIcHE7ktui1WDBb9,0
W2wbCajfs5ZiHrkez1KL,0
W53SDjdhUwTXMviPcsgH,0
wGQkbV0RHqYyJlvd4Xx2,0
WGXwD6sHdYiBN3OxZgre,0
wJNCT8jx5WiKF3gIR0ul,0
WmpEQ7J3xgbntsjRkIhz,0
WObiPJzaQBE1UMfRlIc2,0
WpDfkhZXL3sC0K4uoNy7,0
WvpJHe2kRg0XrQohF1Vy,0
X0MTQbZWNUwoEI1d4uG6,0
x8XYKvcFsNofUOlqE94B,0
xAD4XSuntgH1z76cwMCV,0
xAkpQnjEO4dr1SNZh8iI,0
XpiwtyNH9lv3EgsCDBRa,0
xv3eFa8LqIHJTWmusEtX,0
xXbZ3pSFRnBqIw1KijkL,0
XyL6gVAvjr13xz8IPKuR,0
ypJoz3Em4ZdhsnQtPDMv,0
YQqUiX0HSDB5okv9Icft,0
ysM6q7OlzcvnfYJxZ8mg,0
yUJPBT8fku5p4Ywnvdgc,0
z2kagciQleC8mx1P0wnt,0
z4PFUc6TKgbjLpWeZ8rt,0
Z4QGFnpaCuRkyq8VfdeD,0
zLquNaxcpRW9dwU57EoS,0
zQT2srb7oahn5dUV4uBw,0
5PIwjdM6ROvnbiN9Dx0a,1
gjwWSlnxq3Et27IeZD5d,1
2vN1Rihuanrg6UZoQqxV,1
ADIq5LFowdEuPMOGXVcl,1
4xli1n8H7ez9aR5vbPSN,1
F6BIw9uWHcxymC7tJsDM,1
Ea9zrA0G5hdRBDt83LOI,1
ePqHxpGIVMYKlj4DRJcC,1
Ici7gGFnMHENV45kD0tK,1
cqGxW3T4aujrSBlIEzX9,1
8rKwml3nGVhWAiUjDH19,1
46OZzdsSKDCFV8h7XWxf,1
EY4FNVtgO8Q75rCvcIl9,1
1IGurl3q9bJQ7pmtMD8O,1
Cvnqpkl0WLrEoOUDTJwZ,1
du1GTVz7NXjvMLoUrnIZ,1
HibqzSEn2t9ZGTCykJKR,1
0AnoOZDNbPXIr2MRBSCJ,1
jBkrWA8tOFNvCyZnPe2Y,1
e4iYSqVAjGJZwfT5orak,1
AKOaehXvrGbP8cR3os1f,1
jrKTfD3VAXsFJ9vn0SMe,1
9KBhpLPe6o13q0QHMjk4,1
gXHqfj9eSQTA74aE1x3G,1
4IjXuwLqD3f9tsRaAnMb,1
BL4IWnsa2AbXyoPHQ0kJ,1
1l5V2AwZS9ixLMmecCkp,1
1ckp5Ye83yzjIilWQCfm,1
1GQ4lzmoS3P96jkAKsRn,1
IbLHfNKoXGdmFEphtT8s,1
G1W3VN56x4ouK0slHkQE,1
0jkmvR43UQ9yKxqXei61,1
CqRBQrebnK6WNFOI4lDg,1
izdqA9gUMYLlDpuVrjOT,1
91ToMmJQDchgCfyZYGzs,1
dnjpE4cXfYkTAUOVPaeL,1
jsTnFQZN0zuGqAgcOfaS,1
1ik3ncdBTYIJAgfmjpwz,1
fRTmEnxQVBYjkUZ0C3t4,1
9dOVJRHAPot6sCl8pNMI,1
dwSBf3y2m8NrMP57AVeQ,1
f6kY4VAMsg3iJ90IeE2Q,1
Gc9O4vA6JMXeQWs1gipo,1
9oCBgaw6WUrjtbSd5liq,1
C1OlcN2H8W0YATqZxipn,1
9me4ZqcyhoaNx8GzuFJR,1
iuy39zbPM8EZ4NIpOUTf,1
96q38IGMtxTJOalbAoK2,1
EgeBpshOLYbwyu0ZdrvX,1
ayQgeJDwOtlRoBspqfAr,1
1AXVt0D9mSU26fL4iFGc,1
dJ1CDAPGMBEtq6RNLYjU,1
geCboaYHQ2LN4GnIfZF6,1
i5bArN2uj1mtEOBkUzlS,1
4Fg0cdWwAjeBu5VPJzmM,1
7QtHrPMIOSsxAde6wnv0,1
HSvpkeVLnil93WImYs52,1
jscpD6XwlxRVB452AvU1,1
b5qZNQRzLp6MUlfHisoF,1
5764RnJYTirWq1utgdkN,1
K4M2P0EmlI7FxgSdXQD3,1
bSEPTYjODGy2iZfawId3,1
JMngbfY3PC5WkjA2iSvH,1
fBH3Eg8lVYy9rM0TdIha,1
fg2tzH9vWwYIsKEDjxJ3,1
IPpdskJlaGev2MYSXnC0,1
7w95c0pt83SLYuHBeRlG,1
bAPu2lGC9t5NF0EvZU7H,1
auUCQGeLSRt8YmbdnHK2,1
GvgTdLOzfM5k94o1sIqJ,1
F9nT2NgCsbrhX8eqOp01,1
fEdiGX7rSmvUhQ0MFne5,1
CxlQ4HY35uPNJ6iLyaXk,1
gW1ky2rURczMSTb3Eq80,1
1q92fF8uKHitWlaIkXzQ,1
ESqUten2YJiswjZodR4O,1
a0IC5NMWt9HkBdfOZ8nK,1
K5tfseBz7vxwAhCPI6Rq,1
dBUrN5KIgLCxvWtqRocm,1
DhzFERM3B61lSmNP2JTZ,1
IMDdcNTh4YbE8XOkyfWZ,1
7aEbXfVnzhG6dRMLT58q,1
ckMbXG2Ru9OHAFarVNpB,1
g7dyvFke26HpiqVs8Afc,1
jHklh9w41iEcTZ3Cn6ND,1
ITZQmUtjYaHDxMonFrKC,1
k0DVI4svgBRA8pjlf9M1,1
CNG4WO73MXuLIEmhaRcz,1
3SHYJ561ndFZAqWT4sND,1
dxIuyOrCZ4qhMFz9S5sX,1
ilxt65RehXQoDvTzdFLk,1
FGktWH4PKIdNimlo0B6Q,1
4oGUEFhwqTxk6Ku5Q9N1,1
6TcBvxAgWEJNjLeGPoQi,1
fPK9LJkSuoQCH0apyqNU,1
cmB5MeSziuKsUlNDIgC2,1
EysJb6PM3oL5T2UvQ7Sl,1
jxGMPhcQkACHRZ7DrI8w,1
1JzApr8qu7Cci5LT23t9,1
eNuFU10Chsn7dmbEvWax,1
2ctFLBsIi5wEPAuXKxZv,1
d9YpONFc3QH47mKfEhwn,1
KItq3WlgRT4s1SFYwy5Z,1
k37eIpQ2ARSHZlYhnM0d,1
FgHkyL3ot79E1TmIZcbS,1
8ovZYfGnP2Htekc7gizT,1
8MSg6ycte4mZsOQL9bVN,1
icA8Tevx6Qd7tGFpU5V9,1
aWNd6erAP9oliDybv08Y,1
0l5IobyKpuqcwO4NxfgD,1
A8REQ3NzB0dtHFCWDhoc,1
J8mw7d9HM5sicpKgTWGt,1
JFiWOaubTAKCyRoBqzfn,1
b4fMnYzOWHxNeGjqRSLp,1
FOxkTLeifaPImQ2yK6rM,1
IJkRMnXj2AflNqE0Hac4,1
E3YcxZNkd6VrQwe8FqiL,1
K2OouiFyb1xSIVLRNfqE,1
Ee80BjQvgWns9XKqV4Or,1
H3RfLw5i0P1NC7ohkZ4B,1
C7knyMSfZacwTAdUBjem,1
JfgmjCtoTKyM6pcIrBY7,1
0FKerJl18xOc3jdoyg4A,1
F6cqosn3GRDidyO0fYB5,1
iIMmk8tNvLweAr2dfn9F,1
6OdWLjiyZQzgchY2XSTl,1
IO1sycKv7rV4YQfESMJC,1
JON9PSMtuip32AIfdZhY,1
AFiruP53lsbNCjnkoIyM,1
Gbf4Z8pqFsrxyKVQOcWg,1
2u9mZjidrEhnAN76Jb8K,1
hQ3JVMpHcxDdrXqe1Ult,1
EMK2iukONroQXYWSv547,1
jWid1IPvKStDEqeU89y4,1
JILo8u21atlgTbKU4nZO,1
a9BOthJpRMlyj7r5ZSKP,1
idZhumUfTMgrlsSY82pJ,1
fuys9cVz0Q3idvakHBSP,1
HSpxv7XiuwNj2ceELTnJ,1
ehGfVZy2QXtFzJkO1ESb,1
fwhnaCdDvsWFLKb90JHq,1
e65UwgD2OfTtXkA8GluM,1
05IXcWGxvnkto4sq17zZ,1
J6RsFGzY9gtBZduifPlD,1
ja7NE82XwHYceyg6o0vf,1
duDYQ8vkb29jNryIcHzX,1
h1sIMzUVPxaBEXlnbdpS,1
Ko1FSexsij4QuL0kOwav,1
1GRsOmJXetEkqIraBuSd,1
ayS6qCh9UTcdeDbsKnxp,1
8Z3061HFCR7VUzK25iGx,1
jgOs7KiB0aTEzvSUJVPp,1
kBEUPOcpnusoYvQ57Jib,1
9A3aCDRujOMiWbzGTqfw,1
4unYl0BDo2NvIZGiEJWj,1
JGxqvbB0l8hEgki6cOef,1
BtVdFlwcQGAkLhZ5Pp13,1
1orTCt8q4V5B02mzRN9p,1
3KWDrvPXBaAxgfGYsoN8,1
4J9LT6XURDIcbnNkajrB,1
0URC4HAzJrjWnDVMXF1x,1
GWbiQstavLpfhYqDE8O0,1
0pQ123lKqiLJtFTwjBfG,1
ciYHMsqha46pFbrSyTZP,1
BoYuGUEWrgiReVDLPAbq,1
c6ZsLyHfl2kpbSd8vTCB,1
5sJV4UyRmLc7Mx9a6ldr,1
9FP8ck1bDe6ETSqAIWLG,1
E4i9AgkcJmVSFw3f52OI,1
CQrRKsfpbjtk43nzmwa9,1
3jSmwkIGpJQCBul6gRYH,1
8kUrNzex6d4RXAHh935y,1
860EGyhmJVB49WrLgOC3,1
Iur3cKshVeHqib6C9tnv,1
8LrpcC15nHjUDGu7Xio0,1
cb72yvfjMuQkKZERh5UP,1
ctClpAGF7i4oa0f8nYb2,1
GxEYhcJlkd3OiKQeSuNy,1
dLgQ8Tpbc3o1anleXsKH,1
i3ObMKnYJjsxV1ECAD6F,1
HJayuX4Fh0GRBoALP6jx,1
5Z4xvbHfBY9k8umTM1dj,1
1BDCxE2AMQN9yH6sWdIo,1
DbXC70pd6wiYxQMcBGkW,1
FalYuVzr8LgtiKRZ9oEy,1
E2s7M3RTzBgq9oDNjd5t,1
g3dlXOYBtjPK816xEhHD,1
9LM4YBhu0K8oxaUGDTln,1
BwN6PaWOZGlQA3DgICEx,1
5rtfSP91u3LJsbzMVWnw,1
bSZgP3NGeYM4c65TjEWn,1
iguj6WF7SPzs9evTrl2n,1
aigX8IufVpNM74At9sx0,1
gft9ec83zWbM46yJNxFX,1
10oTLIHtSwzCN45DysmQ,1
AVDWo2feMJdbXISwBHm6,1
0W1RChtwZvj4Qy78GYUJ,1
FjzLT1pN9kgZuJP5se2o,1
7L1vUywoYlApTXdPFzRZ,1
1tBWqEHyDjQpKrGg5ulh,1
6hqby4Od0RWVB2vwNQl5,1
e9Kji7QuZFdN1LmcOY03,1
JTQc1mK6P8bI7zF4f90r,1
fQtXNr5Jk4HK13U8EosW,1
JcaYWHPMxb4jSBLiXZNC,1
dugyFIjzTMPYlKbWrkoD,1
gJQOETXYSINzfiyrwW0C,1
8y5qQ2Z1pnLCOFWRJMA4,1
iBIGzWL1AFKxqUrjo0Sg,1
jnEoBxGXRksZqHw8euhd,1
FYPXNW2S6eO9zMVR3HaK,1
Ed4GPSVXx8yneMLZlhKj,1
94bEZMkLjDp1BXoucFVI,1
g4oqfIJhBG3N7pOtnYUw,1
iPIKOaZ32BTRHYqw4CAJ,1
19xM5LfBYviATcUkEOPm,1
DaRMwOQZm3zStcEGYxgK,1
jan6Lld9PSf5ZG4iOuFq,1
ha3muSrdjiVkA1JeBQ45,1
bQuFKkRwSeVIDGyLqXpx,1
Iv9Kd3LelrsxDHcYhnJp,1
ic1gqvXzQFDjZ5YxkmSt,1
dTXrc1bIeKlym3ZJwx27,1
2fmDnKjO0Ev1VYc4MhPs,1
bcNWH4s6OjFiIqk5pt8K,1
50NjMBpX8t1kGlzq3wUb,1
8MvFeGDWuTX2KEgh4PSl,1
1vuJenm9cg2EtkNBwOUo,1
bhLUvK8TJqmG5A3lHaYo,1
2X3tMeVL1QZ4WJmdqkUz,1
37m1p4lwBUDcJKkPWx62,1
bky7Td0rvnaJqzIjEPVe,1
bB5UPj8uAXvDNGHcoehV,1
6fbTnNXuIJg7QjhcKqSr,1
dO7eAltEpgkXjy2NQi95,1
gx0LFiqO3C9PIWDETRpG,1
ActJLU7ZGYEIhS1raKF8,1
5aPrNQ0qMBRUGJSImKEc,1
0GvtWEPUBfDAcMbiYVSR,1
GUFWALVuS2Ndn5YJfHjw,1
1jVu03Y2ixQwsezOBXdn,1
hjESsM1TOUgAXkLzZiRr,1
8UGK0mbY3De124d7wizL,1
h0BlxmpFHtM2okiULcTf,1
EkNDq5ziOQ0ocGdC3TX7,1
6WuXimIJaPd3x8QoGUH0,1
jtEkniTysxuqG6DhAX57,1
i3HsbL1OXJ2qTQPY9Cto,1
FRxXsQuBCKOgewT38iz5,1
1IyCi4PMVRA9ULJ8ZlGd,1
CVBnb3mE7XPhIuor5J14,1
84rjJmfPEVRbCDo3v27K,1
cC9waqt8X03K56Lou2HT,1
3zEmSUV0vX2ZPFeIqTic,1
8ELU07KQbV3FndjHtxON,1
h5W0TMiPOQ7YNIfaJmc4,1
j9ViIqQ4RXTm7hSFwblW,1
dxXyVcRlfr3t6skMUPCK,1
HjnGJ4mAK15irOcZkRUb,1
7VxbHzYhjKTRNLBnvF6G,1
fdMKx46g3GqtF0oLsPNU,1
4arPdRYzg8kI1uEjfwiG,1
iZPHLa7FsKXpwDTYkxCo,1
D5Rb6TvCxzcwhUsF4J9A,1
Ba2j9GDwq0HOtNrzbRuI,1
FPIdpNxGE3QZlzbvMwC9,1
FlOzLwfIpHSmsBd18vXV,1
0PVAd2O4lMGUbawzfXBT,1
bv60XkYZsCKHa3NgFUDr,1
hwHqFn9SxcKJCr8LUaz2,1
DfvLFE0CayZ3NVuKxIbq,1
av90QiV8gsYkEpcKReuq,1
0qNtRXvP8F2431bMmpse,1
6dJOwbe7TkHoSa1WAuYE,1
85K7ypWXbaOUjmuxDEz9,1
bxcTstIeJfgdjFLnVaG5,1
gw87Mocj1q69KrPG2h4V,1
5F4mbeBZsfwYCQpGgVLa,1
C4zlLIqNQDndKphj7etT,1
Dw2sXhq6imtArjTZo3YC,1
8ne26YagdHzwFQtIpTVL,1
aLG7QrUD6WOmdNY5tC3y,1
JahiBscoyeldwpEV0mxW,1
3wyY01Who9ZmjRE5PckN,1
CVmnTbuGZEev5hN3OdiS,1
gLKYVXRSw2Fv1zcPAeyG,1
C9KZx8YrJejnW5B0sqgQ,1
Jhg48uneMoXZOmB10Wbz,1
gchAJP4keCm0fiXr1tDn,1
f2Vh4qUzD0ntxRFEJaMW,1
gBX47iCvYrZVDqpHeAab,1
9qmgZWJTn4jFhKy3LYdM,1
2o9qPQI3SL0ZV7wirTAO,1
1MQI2rYz86Sbxa5WhCFG,1
3IBKiONtaWxXpQmufSZs,1
5CiGOStRIX3ayFUrAeoQ,1
6v7e1UtEQSGMgmw2Ay5F,1
6r02dN7YEojsfTQkzlGh,1
gedRiDzKZqO9BMX12Lhy,1
amO4HkjxM8KcdFBp0h5C,1
j3thgSImoFBZAPsrpaqT,1
BV5FwZi6DPO4UcgoG9h1,1
gGPBDhr24EI875LfTNXV,1
ezpQ9ksPIVhAarCwSg70,1
kJ1a9c6NoCv4DqA7Hh8R,1
a63qScpsxBFJtAXjd1nV,1
CJd8AaX1f4EqUVtj9Won,1
by4dzJBQ76juNaUC2w9W,1
BYVt3xvN9yOXT5adsIoC,1
62rHUwVZ78GqfF5x1vnd,1
AX2HRNjzG1rDuyOliwsf,1
9LKBIVulpHtRfP2OaTAZ,1
l3iRBsCVb4Z81TLNxSgM,1
gi5zQqk4cp7mXnHfSTbP,1
JeR146WPmlVnxKvQAESb,1
IkdgWAqnBm803YZfuQxX,1
LejcaXxAEgC31WhlswQ2,1
EpBVNQnoMzYaCbe96OZx,1
6OaQhmCAoK3e8qH7NrB5,1
g80ZFdKzRoNCvqTcejrV,1
fpiZ6no01V8gydTe4UFw,1
JBEzM0ZsuWaDt8bLypPv,1
5QvCJULkphcYGge78RNs,1
BpAoClbIMLsxzWyPHOaJ,1
2ZY5e4PHsEAvkziQGFR6,1
CZERL3GtjlXBSK2QidO6,1
4QCBDTJFskOqox0H8XIL,1
CmkrzR9pL7siO10q35IM,1
l387nbiI4TU9LNMQt1Fe,1
jLtKBPl5Xk6peO9DWucy,1
6XvS9xbnOsJKrGL30NZM,1
kczYF5vSxW3ZrilfJesd,1
6GRw1oqBOEjgbYI093UA,1
Lk2VPl51Q6mwrAd0jhic,1
ljuryB4bfagHqV5FM9Ae,1
gmFxGQlWUviPhKyAkoeI,1
gacV7j1fSJ2ObNlykwEq,1
jERVLnaTwhHFrZbvNfCy,1
cMDuGY0R5UbhJNtkHnq9,1
4vNDlExnr0y2mFXUgbz3,1
G54U96frYb2CLIOSpMyX,1
FPBhOUAvt278Dop9armX,1
9cuvUrSgBCIq6L3p0He7,1
FU1p8GJSVXAry3e2HMwn,1
4ZBJzEqnW52fFUw0PG3v,1
AgSXb01HILY3mVwfnesd,1
chVqtrzIORSJkCwu2KfQ,1
aZKEkJF7CQtNSDf64d0P,1
FtBHiVSc1PAaxelsC7yg,1
fmEhB62Z9MnsSJX7bRAQ,1
l06yuHvrqdzTo8CQeAO5,1
e7FhuKwUW8LfMA2bxEDl,1
AmPVn2SGUxg8IT3BDda9,1
5YMeDkHjclrCPd8OuymR,1
JfaAGUkRVNxCwqdb6sj5,1
32rcXoa5QI1EmxBFS9he,1
ken1LRYK7B4ryGmT3MfC,1
1S9ui2XqltCJAOGUPw7v,1
KXy5fwEeZon9r6bHAvRg,1
HKgJMPYDlcUmF74G0pis,1
1yC7BzWHgtI2FibhQ0km,1
5dqijn0zcEPgONTLFRoI,1
d2xiVKZe4JTgBQSkOntW,1
L5MO1uWhDZ2yplTkoRUd,1
jOZMUJF5waGhqLQbWsYz,1
lcqv9STBAX20houtQnR3,1
8a3GEC7cPKtx0lI6qYvL,1
9MFzgoiD3y0BXQGdY8vq,1
kAQCMqUNsZDoribmvw84,1
ktjMBCYU054Nh7GfT6sr,1
dAW1p8eljnvTZCgtfYHa,1
7Ebd8M0gDHBRIjFvr6SQ,1
6cYUST29aReytkJO4zXi,1
dYAObu2FDVoXmvTt5UjG,1
7J4un8UNCgcPYmzsyxZI,1
HUODeWwRlv1aJKVT3Gni,1
9MKSaiLY4AtGDZfvRQ1E,1
7DSdcK2ZLkFmhlXUpzJw,1
IY9HnrhqPomv3L6bAzeX,1
5qQY8mHGLFA1pZgWPOXM,1
DMtdk84SP10RYjaZEUxz,1
kS8dLUGCRbajYvJZyDPe,1
fnHDty72dWwjkXgYqUPA,1
aYvLmPcHznMh8w0uFDkA,1
KLc2AnjgPzWCTqV7iy0B,1
A4VuQZbt2oGyOkUcvS7W,1
ihT109rSABLfdRNxvMGW,1
EKmgShQsf6a9vY0znNlU,1
BjrkNJeI9HMb5lOgpC26,1
5QOWxyz7oqf9T6KIBDbk,1
8odIrLKhPvcDWNCVasUl,1
haMeQO6Y4A93ipELGwXF,1
BlHZ9E0sqgPcLaK1nVCt,1
jV8cSxM45pXgW7JPo6qt,1
2qSURceVYgQEhOFAdPXC,1
1PQFYMSBLAO9TmKk2Zhj,1
k7pFAZu4qLvW3o0hNHPf,1
ireBgWXwZGyvjU9aR7P6,1
GewamPurl6D0Fs3zvbon,1
bnYykKarSTdp3qszeJiw,1
epLciPaHrTu1gl4CW7Uf,1
e2r6IncxE1LQOKFGgphj,1
CRrAOvzk452LVZIGMWsq,1
i8WIr0dtVHSGMmwFlcUY,1
2pwjzv6eGEb8QmHPfxSc,1
Hc5LqZVK2yzlsb8BEfdO,1
hZiVAw5nREjHU1qodatK,1
F6nOrb9ipd0SskWuJjUw,1
3zZpqyclD9B2v5Qas18m,1
B6dzEY3kKIn8me9McfGg,1
AeCXyFRcU2SsgvVTpMzi,1
hrguW0CqMt2mJdfvX8IB,1
cIojVJGQOtrL0S1ApeDY,1
dKcE7Q1zuFViSaDRUtxY,1
bGPHZFpAL3N957064wzj,1
DEyOUKzN2g8suv96eYoC,1
b59dlNEacoYUAyeR4Ipq,1
cYb4XuNSqOA9IFLHseG1,1
7cyYPthi5KmvXEs2NkRj,1
40KRbGeQZ8PwcUgt5joa,1
2qAtoGOuMQZdmH3y7bEY,1
ei0C84XpoqcAS6v5ZExI,1
3m8kb5ILPrHcMC1o9Nht,1
4UTMdcZkxzLvwygO8EuK,1
gB105vrJPbcGCtuj7p4a,1
fyH8oWql4rg7tEJSLpIB,1
Dj3FqX9IAHco2tG1UOZS,1
1IpWLz6eyhVxDAfQMKEd,1
Fnda3PuqJT6Ep5vjOWCk,1
GkMBlvTidr5oyYOVJCwc,1
asKPnzUXjShMc0Tl6Wge,1
FsirpP0oDwXeAzC2KndG,1
FdiEeV3N8WtUSXjmcrxo,1
idjesBrKybwkzPXMalUL,1
2aHfrLhcPTj5GnFZXUCN,1
5tMCNKDogQ2x7zwUbpcZ,1
1KB3Z7gd5aN4Xmx8W0sf,1
0qjuDC7Rhx9rHkLlItAp,1
EB0d2fJGLHam1tQCUDWu,1
8wm2jYBqV30okUMfuDCd,1
BSvGkbzOdgKPyRNhwjf7,1
HnAYP2v0CXfpmdBOIqeh,1
blUxaBNCoSJ3veXVIKr4,1
AaNMcn6PxdZX5lwfz8qr,1
CAeHqYZwpdarUOm0D2tG,1
4JGbOVQnEt3ZP5acW7Yz,1
GvmD1XAoOxPfbRwF2jEt,1
I9yrDjPY4kMqU8czFRmv,1
KjC2x6liRnkdpaBsuUoV,1
HVlorUn2MsXN6BdZghv4,1
496EYbjny1LlaK3sr5Zu,1
Aag8xz4w7b03jD6mG1Yh,1
93hSUYmZjMsVpPcHJRCo,1
0TqZzRJOeno9NKpHIba5,1
a9xbnOcl4UsVTKWjmk10,1
dPwStgZb4mJYACKDilp8,1
3fgNi5Fk1QVMqKBXEUnw,1
ANsbQFrM0cvZoxHjS5y9,1
gYnkoJDBsUPtj8N2ea6R,1
3CPhpEu8klwsgLmRMeWx,1
3IZHa2xXVu6KrgNoPd9W,1
0VnTurd7B4YsH63wUGJ2,1
Iq6zLDfSXargmVQAZbHl,1
0EL7OGZKozbiNCVP61gk,1
b2CAKLd8wJBEgHry3Qhk,1
CLpFEnA496yoGwrdmz78,1
fo0PHYXFKAC4mTi7NQI3,1
f2n3OzR8yBvu5ScmNQeP,1
6NH7fncljqxP30hOriSw,1
khTQWFojGfuKZcS5C3VI,1
ft5WBShKzCA80vTxlXEa,1
bzPNrBFW6RH1wIQ5n4tD,1
3MG6tJEmkClb5pB0aOQT,1
fy3laG0Ic8Fudrw1oUZs,1
Je7HmzKCW1ocBG3VdOvl,1
784QCIkhOnwcRvFeNDZr,1
7QNAUrmZEql3XR1I42jz,1
6Gl3BHUfNtrFQv5YJOym,1
69MHIoldGcUTvxEOXJyw,1
btlCw0OcmiDT493yhXf7,1
BM4bG5xEwohipXWTKt3U,1
4kuxDJlwWHMi5KX3SVQq,1
g4EyujTPMQHLfVIRlDWS,1
i1hsFQal0fbxepMygR3C,1
b7gT9EzYN5fs40cJX2FQ,1
5MrYiQtEc4lwyBRWh8GJ,1
8Nvh25eKPxn6zEdf01AR,1
6A1oSFjghKeHmz9VUJ3u,1
gVOE7DmPnKrA2Yj5Fz41,1
1Fe4Dk5vSltEWj3Kpg97,1
bSMwUTCcY8RqjJxnkBZ1,1
ihbKdvnE3kJf0oTz8s9q,1
jKSfaQzPoOmT7np0IsuJ,1
GZJ3hp4v8AzVB6imf1Il,1
8jYo6TrpmwN2BGyEgsKd,1
7oMbW9DCm6tQn5FTRIus,1
BFmbPXnMtl9oVyI1SYvT,1
Efv5anrwejmQOsHBGuXb,1
gmqz2kCeo9bVnEhWwBLT,1
6qhjHRGpSb27PvtQ3csx,1
27V4S1ncC3fj0gitGuDI,1
jfoOKUzAhdHWvuLeJxCN,1
AbnCYsqpKWGyQE2vh8DV,1
adYrf7Jq8tuID9pVzkMN,1
2v5AchX1bsjnKpGg6Vdm,1
EpVF6whltPArouQzvC34,1
edZcFpiJ7kt9bPKqL6Al,1
GXteK0J692hS4YnpNzWu,1
aDMhrzLGy1bKt0s8NvVg,1
gQePb628SxKWtsRZcFV5,1
EjnR6Llw4p7sQkJWYiBq,1
jM0aVyQfdqBhODSox1Ce,1
EtbJHF7V6NrkBXzCqjsI,1
0iZTHuQ5KMb4RtAlrz6D,1
DNBtPALuVrzM0Cd3mwcl,1
cez31fjVZOP2g0nwD56K,1
72PpDnF0hdSsaWlJVqv6,1
AhSJeUwl3tMBr64LZVGF,1
FjSleW6GDVdh2KOxnz37,1
16KuXyrdDOCWGhc7P4kL,1
iTxBuDhGr8bFeHn2qQ1N,1
Dz8kXNIW7lw91dKMAEY2,1
hgGqekm0AoFu7CZTnENQ,1
0sM6DQlxcP3oAfd9ZVBT,1
2ondxDIwf4si7URbH1ZJ,1
clCOkQxvBKzwWaPZ5RSH,1
HnCIJEd3foNTBUtSv7wK,1
65cjJpPCUQiLDRyXfWd4,1
HuD3AtnJlpCVLdkIWsZS,1
5LM8dkt1OsGXwp3JSP2T,1
iwJOhQfj1vm6qbGcE0ZY,1
ai0YqsQZAbg1IWMvXdoG,1
ATKzi05WXfeNpJPcvmaZ,1
Do5n1Kjei89Es3CuFGqg,1
hCB0gLKbrE2YTwa58Qk7,1
DpMNfemG3cCqxurE9BHj,1
769Krhu3E0pAyvqMZ5SQ,1
ia5PCMb1LDcE3oBKO8vm,1
45aTQcuSVrGxZ62vHLbw,1
9PDzWKXE735IH8V1hoR4,1
fOoBREwIcNmD8u6Kts75,1
0BIdbVDEgmPwjYF4xzir,1
8GoaOMPuBA3slq2J4TEd,1
GN8ZQjzWfKBYUtH1ehM0,1
CjRMQY0S6LdUWNGaExPJ,1
FZE5yneocLv0D7kK9CJh,1
ivrudVW0BGmSOlbqH6MY,1
EPGmbKVeLBNAdnkpT5sM,1
JMaEzg6s2P0n4wSIyulO,1
iOj4fAeuRb92FNIzQoDt,1
kcpjm3bSZFrIltvNVTMW,1
ajpIxyzuMmAlJ9cw2HTY,1
aQUM2OeWo1PwkhzsXv4x,1
cHbuRhD5wCrTyNjBtFM6,1
fV4XIAyj1ChBxwFoiruR,1
kqiOdVbRQlB2s907GLMv,1
FkfjQ8g7dPxXi9nL3IRM,1
kMJ8PQiEqdOx1wmF4cKI,1
JYEvhBDFS2aNocqUwkMb,1
E7MyKF6Tbj2L98GASrYW,1
CUw6LiRTAg0ZVM8X4p3P,1
Hf2WOklmDrv5G6cEba7h,1
I9zqNg8Bj7RECDreiUX4,1
k7Xf4A2MhsF9jgiD1UGE,1
iXQAH6xIYeLSlCfdmWbR,1
bMZdDnzxyquvFwS8J6KI,1
iV7KRuTdvaMeXbByhOpq,1
adQni6wWvTPIkf0xsZy7,1
1nLqk0H5NYdR4OiJ6mob,1
2r0UYLcKCxnRovpj5dlQ,1
gCSrhptYyd6vfQAZXcwE,1
K786iNwZCzFfscSOh5u9,1
dK56GMJjTRAoaZW9yOPm,1
7KqfVlEBOmr6tTQewNG8,1
K2QNGrnBZP7I5MiF9kUb,1
a5n3BtqdsJlZfup90MS7,1
CG6sL3Aug4yomNnztEIw,1
c1SrgTA3MYaeKktWwOiF,1
jMtLuy8lJKkiomc39Ibv,1
C4VIpEJ5KlvuetjhLdX3,1
H8sU2tgdBIyEuOr5Ke7X,1
DKs0lpax9nB8gS3XRuEb,1
7Tqx4LAfG8hZHivBO0CD,1
F58JACMhQPSYrdxqBW2p,1
i2LJZ9r8EQXCk04I1GUe,1
36jPFlq7zebvLdED82Up,1
5RiZwJtzlyDGbO7uAhsn,1
i89kvPU0R3EXQ1lZhyxY,1
gDsZ7RCYM6vW0VT9ENzl,1
hNKoiFSWrHegX5pnvfRA,1
DlWyNoHdb1jAeGCOsaVU,1
l1OdNtIKM8Gi6jowZHg3,1
7eQUvHRSh2WZ5CFm4zdw,1
AydrZmxNDPoiRfbvXCW8,1
EilXmdUb6zGBJWk9T2SO,1
acsNRgv9KxMnXAE2YSI6,1
hmxjukz4UBqMPf9Jec6y,1
1vhszDdnUVgZ9M5kRYQx,1
kLaYBGOTINF3t5HvqJmA,1
DTpxgrKlodtZfV7jscJq,1
InKeBl2Tt1Oy0qaLWXRg,1
d5ki60fcbqeH3SvZzpoB,1
dOc4AD20ltIzKYHCPNFS,1
jIu3J4ovLPUOA6ngmyfw,1
JO13oAGWDQHpUmLE8FZM,1
gUSm1WN6PBYQabnrLs7h,1
1JuwbkFyUg7T6KfoNEjp,1
gL7OxhdQVZSXPsGAzm46,1
3mpsxg2FODqCAXHbMKPi,1
BCw58jIVumFW43RExqJk,1
igkQD6GKWXUtcA2Ca38F,1
4Eo8QvuZFWCBR6i0rhs7,1
bipFgQ8uwHkO9rnRfWDC,1
35dbDR8KSIwZNAPlcgTi,1
6cylqphx5sHCm4fYBEdK,1
iED1fIxnGyWRLuYNvl9s,1
35B8Vh0Q9k4STsiCtKx2,1
et8JFZUipOPKBl3DsEGo,1
AtjeimUnQDzEqb6TN8cC,1
Dn4rZAFdVq6gHktTziEC,1
ejWZLdoSr0vAu5JlaYUV,1
DuSE7AmXlfTHU8OF0aNI,1
IwgVeC9qRbUkfE6Q3HTh,1
CNKfaU6TP8kg2mnHh5SD,1
Kvxm20yICftr8djGVqUA,1
5XPfYvNdQRIBJoWmj3Os,1
foWjCIUpHk4tEruJlBGc,1
a8hZBDrjGiMdtzSklFNV,1
5PBvwNE8sCzm1bjUlf6A,1
EjLnZ7ke8hyYIqxlJXD5,1
I5bhsB7CcpUDVn8Yglwy,1
GpdqLhNUiH9tZn5zxTEg,1
dzValPwcOHZhJISqyp8T,1
5mTjuSpdDG8k1IBHaPqY,1
bZz2OoQmqx0PdGBhaHKk,1
BPecs2CSaTIjW3ExVlyz,1
AXvM7mlBfJ8eHVDcspNz,1
JhufrNciMQKETOUGZ8Ls,1
kdmNfXGWslxUa3yATSFw,1
0b5LqcWix3J4fGIEhXQu,1
A7bCyQK5X6wcgBEqI4WV,1
IPje1H0qXdvBof8mp6Rw,1
GlUnrYxyOb5XQhFcf4Su,1
K3DsAmcCyTIbdnNojLwM,1
15sGnFeEvMIgpQ8acbUu,1
1jex6QUgvfsViWcLJdX4,1
BOYuoPTgalDCSrERI8kj,1
cA69YZFTVMzJpEKiSu0C,1
alBGIWRODJAXYoEUdz0v,1
9joLAv30xuTSM4fqNbJZ,1
Cqwcl7m6vezMOAiEnKWp,1
82AIq1lR7GwbtSsTWQNP,1
j013oneKzBOVyiMHGa6q,1
aitshTGMD1EnVb8oAIzf,1
Ck4K1y36GgmWEzZF9LHM,1
dk4HiPSRzsfbBGVMqNac,1
kBdDKj9W1rQPpoHmetaG,1
bWMTEq0N6d7KRZhvigGQ,1
gqm9zEewrY2hDRBTixs6,1
9fcqns4I3ePECOVMyxp5,1
j41ax2XCnwqvWozGOPU9,1
eKgQl0AwEzo12DBcs46I,1
hsopEiH3WtQcLxwGjNy8,1
g7EIaKBGoTkcMCeqNXVx,1
6Oof29sarJPj8GEbnkTS,1
aNfVk5qvcY9WFJm6RBQj,1
JWczYA5Isj7MdnQhq2Lv,1
FdMkgDZaeJus2vTPIxGH,1
AkMBjErNyVGnWaouCQZf,1
Cqn1ZIDEQwzlrMNj3oAP,1
5sLXK39w4fkSzAVi1Q6U,1
1ARrSUKCbhWeTFyjp4ix,1
6IhCLEaHxfzjV5TbUNsK,1
juPCJRHOoLngNAvBZ7xl,1
0RlWbvBk9rEtVZ74KAen,1
d5y31iXUNopBAjIEtklH,1
7ngUedxa0XfFJHLy32QW,1
426c9FYfeVQbJnygpdKH,1
hzH5vLburkG8simTIaeq,1
eYwtJkx9a6dBz7ChZb43,1
JwsCip5tZlRhk9ga1KB3,1
GlduQtUf3I1hAWYwyFLs,1
i4QEaV7rJNZewSBsHjYb,1
EKeIjqfa10JmzunTXciN,1
drj8265K4UhucxtI7ERX,1
04hSzLv5s2TDYPlcgpHB,1
6s3HbFTuzMP9oSwAp2JX,1
GmWXcKzaioDnkAO9qVdt,1
gRVxvlkb6h50dtYCEPKW,1
EgJw2tGHKzZ3YeR85aID,1
dDzqka3oCtXi6WgMuZYj,1
iYEh1qlTSkCorw8bUnt7,1
FNxZ7YXTQ56jlWg41uAU,1
e6xiQwfrT10IJGVYhnqD,1
jWNEnHAV6QLM9bTPeFyS,1
hsU2gaFmPKli7CzWdqtj,1
62lqxRWE40MgbnzAIwtU,1
F5Om4quYSd3BaGK6xjsp,1
fc9yYUTNz0qWibKtwR2j,1
AJqGYXfbQxew3MtIsyrp,1
jkLxyFGoPuX2TQm3fYDg,1
0BY2iPso3bEmudlUzpfq,1
CMlwq0OXr8ygBbNESAIs,1
KlPzTYwJf3HuA0Ftnd5b,1
idNxFM4agPHCkKzbr2Zh,1
AhEcNQy9nYHdfzZreoX1,1
h2KnxiqVodPEjrCGuF17,1
iGaW9vzZUxsODf2bud6n,1
Fxsq8u9hg0Ncl2TzLQtS,1
deOcZLbwRBp9y10liCj5,1
9H0cqUxpRSrntadmIJy8,1
iRolW7mEntScOG1kw6bF,1
agltS1qfOZiUvzBy24uc,1
EmT1hn8qX6kOYFbZIB0f,1
ioEn2sGfdQ0z87DKeF4B,1
FHX8DhjEQTGtYcUSlP02,1
k4tKCVH9XwxuyieA2cG3,1
gCQ70meuzrYAFaWDxZJv,1
FRvg9Ji5jnkDWqm4sMcA,1
E4TwNXeQhOyCU6iDR31c,1
k9sOCztPGbh8YUJlgvMy,1
3nyoF8wIxz4g7husN2e1,1
HSyB6uiIDacmkpwsG9Jh,1
bstNd5CqKzGYgIyOc7iS,1
cXdSgbQMu2Epl9A7WrNs,1
14DUiwIb5xrfkF30cThJ,1
FWLJQbmnM2URyBv4P38O,1
8kyU5WZRB1NtXJEuDjeH,1
fN4v3lq5W7BPzAwTDisj,1
CIGZkoDUljeQsf53z8Rv,1
9PeG02TQIAHkYcjh1id3,1
3yPmbIvrqGOeWRSUnFTA,1
0mgFnqeLAMr7jthUYRTv,1
eF5UtAWbwBrYJlRVpNIk,1
CdN4kZVMhB7IoxsRYu2y,1
fyPGVdkrRq4mWwIogJea,1
J2cN9YjVQAUdfMzGRnBw,1
dDBYMFQjmlaAT2rxhP7z,1
8db5LXcqCo9SJBVxQ1g0,1
H2P8x9X5ay1OksdVjwUo,1
hQnAcOfHYisDkINaod7L,1
7waVJqpLnoxz4fKsZv39,1
CEvU0GulZMR2cg81ipLB,1
5i3dyOv9GDKJuCVHF0q1,1
C3ZfGBVmThlcWFQDEMvw,1
CS8VeJ613FL9spGiuY45,1
1pfyGlxvBcaMTNj3VgE9,1
857rChkgSJiFGI9Zu6Hb,1
KF7NGoQSk8v9OE0nrwy2,1
39YX8jkenM2UHOvCRDq5,1
gJspjOHk7zXSGMB2Y5Tm,1
dUg3juznXokGEycCO5Mx,1
BewAOSD3I9tH0s2VLrca,1
2HO7PmwTKCZr3t4BYJVe,1
AeZvV9subzRmODWTjrh0,1
2ed6iJbogAU8BIFKkQ4h,1
f0NLCiRGpDTU3dlZmSEs,1
BP1nuwOygHtXK57Ymdb6,1
0pqtVjvLk89PdYr5MwZO,1
5birSkFE6dmgN71BPCJc,1
col1OM7E0gAZTaifUep6,1
Fx7qZU0yclOobRHp21kN,1
JNEaK80h4meUkGLnzsox,1
57Y1sP8cgERT6OQyCJjN,1
fPV9HUmW2kwINly8YhOS,1
2ZI9SdMvc7WAXK03nPyu,1
b2taq4gHVORCYDoixMB3,1
EMo7F2Xe8pgWKZfwhHuV,1
FpfoxH3CNAgl9iBY5naM,1
8BzIhwWAx031ErlbLuZ9,1
E3TqRaCWmuPFyUg82eSD,1
93DFQGKTLxy8Ej6kwlPu,1
6LGpjCQ1OTJlvxRH3m97,1
czBpmyW2hKAiGLDbv0Uq,1
6l0uUHJndYLNAEWjxg8O,1
7brc10uy63I9lxBGkJD8,1
iPFa4r6moSNthpqB2RDV,1
9zqISCo82tu64mdDhXFG,1
83uOwngTAXtNQPvD2CxY,1
2HAvl4QhqKBGu8cWedtY,1
2KukNP13McOI6AH0b8op,1
FSqi0ZaPveb5jMxtBcfs,1
hpKeXGQLyJzdtmO9u1MR,1
j514c8CPoS9fIyKmnOaH,1
cyMGot9uZIER4WFmUsKw,1
f7gL0o5Uw3cbRyX9rOuT,1
AmcBv7pybtl9szISEoGi,1
c54pwLBNXyf2GhSO9knA,1
CSehsbFLKPBTWo4gnd2R,1
deVSk7LFDw5r1Ihq43GZ,1
GFblksovaPYLI5XeC8RU,1
1SVleInitNjxByvsFbdm,1
5hNHEkrKFC0ufonLQ2d8,1
8w2sWctxOpoIH7VbFREX,1
ez58HQ2KwcTF7GL4EYPi,1
gDYeNAplMujwPtU0qnJW,1
fYPiBmrFC1NuG3MU0Wvo,1
HImsZwGROPQ91kTiUrWe,1
DeThaSN5zInYXHOcx2ym,1
84ViQ93gyPruDSoOn7zw,1
aFdmMqJO9zSI61pXLoTQ,1
E72CBW5TkMVsca9LdegJ,1
GgmARFo3WxUZ0KzuCM15,1
71BDWQcsLYedmu43nOSV,1
axmjW0H3EnB9JRdSibKY,1
dFjMQn7q1K8Z6ziwG0TP,1
B1tSf4zOCleLVdT8KPFN,1
5LFWPi9qzEb6fhyVSYaw,1
cEBAiJxOMukDCGoQXvqn,1
h2ygf7Vv1zkIe6q5lTnZ,1
kGITL4OJxYMWEQ1bKBiP,1
IgwEeaAG0iZjLbVQz2n4,1
E8Yx61NWCXKRkeZpSt9n,1
9vig36BctVFzU7bJmQ21,1
g0SLz2IJ8G4tQpbqsFrv,1
6U1ZRnLGvyg9iNFYwt7I,1
7vKDaxCOzwoU6ZT1nNys,1
jGqYz9DaFMOWUlSwJBge,1
fVWAtl7QsixdmThDBu4C,1
7iEfJHXeGdvRDhx364nL,1
i0gZtoAOmxsID4cKHaul,1
fAER1uHUSLsd3XGxa7Qp,1
0yvBxsufKXzM6CwpcSYU,1
I9SRFlHMaNkpDmfjEsc0,1
iVR4woCP02d89KLaXTm3,1
iH0WPl3gvIBwexmry2ES,1
EeD6xHtTPIkmqOQw8o9U,1
b3cYmIp5OhHkz9ZrwA8V,1
9f5wo2qZsPe3YWAvyJjt,1
BJnLTxsZSUg0GO7m1pQu,1
GPAypQZ0LH7rD1safnMI,1
7n2kiMZ9awS0xbNG5XIz,1
H0evJ1QxsltOCmkDaTGr,1
JQHf0c52agNmervIpCkT,1
64pFyk0YIszaOwGx2iMA,1
2Ie0uQ5UtNfjKsizqSGD,1
egpf3iObh8MlAmqzRDPu,1
gd6OJCrEmvwkUTHZpn8F,1
5drRtkhwUeEg1WyBCXnF,1
iHZnpXNuLTUQtElFz3jr,1
